{
	"song": {
		"sectionLengths": [],
		"player1": "snfsonicnew",
		"events": [],
		"gfVersion": "nogf",
		"notes": [
			{
				"sectionNotes": [
					[
						545.454545454545,
						2,
						0
					],
					[
						409.090909090909,
						1,
						0
					],
					[
						1500,
						0,
						0
					],
					[
						1090.90909090909,
						0,
						0
					],
					[
						1636.36363636364,
						1,
						0
					],
					[
						2045.45454545455,
						1,
						0
					],
					[
						746.590909090909,
						3,
						0
					],
					[
						954.545454545454,
						1,
						0
					],
					[
						0,
						3,
						0
					],
					[
						136.363636363636,
						1,
						0
					]
				],
				"lengthInSteps": 16,
				"typeOfSection": 0,
				"mustHitSection": true
			},
			{
				"sectionNotes": [
					[
						2181.81818181818,
						0,
						0
					],
					[
						2318.18181818182,
						1,
						0
					],
					[
						2454.54545454545,
						3,
						0
					],
					[
						2727.27272727273,
						2,
						0
					],
					[
						2863.63636363636,
						1,
						0
					],
					[
						3000,
						3,
						0
					],
					[
						3136.36363636364,
						1,
						0
					],
					[
						3272.72727272727,
						2,
						0
					],
					[
						3545.45454545455,
						2,
						0
					],
					[
						3818.18181818182,
						0,
						0
					],
					[
						3954.54545454545,
						1,
						0
					],
					[
						4090.90909090909,
						0,
						0
					],
					[
						4227.27272727273,
						1,
						0
					],
					[
						3681.81818181818,
						3,
						0
					],
					[
						3409.09090909091,
						3,
						0
					]
				],
				"lengthInSteps": 16,
				"typeOfSection": 0,
				"mustHitSection": true
			},
			{
				"sectionNotes": [
					[
						4363.63636363636,
						1,
						0
					],
					[
						4909.09090909091,
						2,
						0
					],
					[
						4500,
						0,
						0
					],
					[
						4772.72727272727,
						1,
						0
					],
					[
						4636.36363636364,
						3,
						0
					],
					[
						5863.63636363636,
						0,
						0
					],
					[
						5454.54545454545,
						0,
						0
					],
					[
						6000,
						1,
						0
					],
					[
						6409.09090909091,
						1,
						0
					],
					[
						6225,
						3,
						0
					],
					[
						5679.54545454545,
						1,
						0
					],
					[
						5120.45454545455,
						3,
						0
					],
					[
						5318.18181818182,
						1,
						0
					]
				],
				"lengthInSteps": 16,
				"typeOfSection": 0,
				"mustHitSection": false
			},
			{
				"sectionNotes": [
					[
						6545.45454545455,
						0,
						0
					],
					[
						6681.81818181818,
						1,
						0
					],
					[
						6818.18181818182,
						3,
						0
					],
					[
						7090.90909090909,
						2,
						0
					],
					[
						7227.27272727273,
						1,
						0
					],
					[
						7363.63636363636,
						3,
						0
					],
					[
						7500,
						1,
						0
					],
					[
						7636.36363636364,
						2,
						0
					],
					[
						7909.09090909091,
						2,
						0
					],
					[
						8181.81818181818,
						0,
						0
					],
					[
						8318.18181818182,
						1,
						0
					],
					[
						8454.54545454545,
						0,
						0
					],
					[
						8590.90909090909,
						1,
						0
					],
					[
						8045.45454545455,
						3,
						0
					],
					[
						7772.72727272727,
						3,
						0
					]
				],
				"lengthInSteps": 16,
				"typeOfSection": 0,
				"mustHitSection": false
			},
			{
				"sectionNotes": [
					[
						9545.45454545455,
						2,
						0
					],
					[
						9818.18181818182,
						2,
						0
					],
					[
						9954.54545454546,
						3,
						0
					],
					[
						10090.9090909091,
						2,
						0
					],
					[
						10227.2727272727,
						3,
						0
					],
					[
						10363.6363636364,
						0,
						0
					],
					[
						10500,
						1,
						0
					],
					[
						10772.7272727273,
						1,
						0
					],
					[
						10636.3636363636,
						2,
						0
					],
					[
						8727.27272727273,
						1,
						0
					],
					[
						9136.36363636364,
						3,
						0
					],
					[
						9409.09090909091,
						1,
						0
					],
					[
						9681.81818181818,
						3,
						0
					]
				],
				"lengthInSteps": 16,
				"typeOfSection": 0,
				"mustHitSection": true
			},
			{
				"sectionNotes": [
					[
						10909.0909090909,
						0,
						0
					],
					[
						11045.4545454545,
						1,
						0
					],
					[
						11727.2727272727,
						1,
						0
					],
					[
						11318.1818181818,
						0,
						136.363636363636
					],
					[
						11181.8181818182,
						3,
						0
					],
					[
						11863.6363636364,
						0,
						0
					],
					[
						12000,
						2,
						0
					],
					[
						12136.3636363636,
						3,
						0
					],
					[
						12272.7272727273,
						1,
						0
					],
					[
						12409.0909090909,
						2,
						0
					],
					[
						12818.1818181818,
						0,
						0
					],
					[
						12954.5454545455,
						1,
						0
					],
					[
						12545.4545454545,
						0,
						0
					],
					[
						12681.8181818182,
						1,
						0
					]
				],
				"lengthInSteps": 16,
				"typeOfSection": 0,
				"mustHitSection": true
			},
			{
				"sectionNotes": [
					[
						13090.9090909091,
						1,
						0
					],
					[
						13227.2727272727,
						2,
						0
					],
					[
						13500,
						1,
						0
					],
					[
						13772.7272727273,
						3,
						0
					],
					[
						13909.0909090909,
						2,
						0
					],
					[
						14045.4545454545,
						1,
						0
					],
					[
						14181.8181818182,
						2,
						0
					],
					[
						14318.1818181818,
						3,
						0
					],
					[
						14454.5454545455,
						2,
						0
					],
					[
						14590.9090909091,
						3,
						0
					],
					[
						14727.2727272727,
						0,
						0
					],
					[
						14863.6363636364,
						1,
						0
					],
					[
						15136.3636363636,
						1,
						0
					],
					[
						15000,
						2,
						0
					]
				],
				"lengthInSteps": 16,
				"typeOfSection": 0,
				"mustHitSection": false
			},
			{
				"sectionNotes": [
					[
						15272.7272727273,
						0,
						0
					],
					[
						15409.0909090909,
						1,
						0
					],
					[
						16090.9090909091,
						1,
						0
					],
					[
						15681.8181818182,
						0,
						136.363636363636
					],
					[
						15545.4545454545,
						3,
						0
					],
					[
						16227.2727272727,
						0,
						0
					],
					[
						16363.6363636364,
						2,
						0
					],
					[
						16500,
						3,
						0
					],
					[
						16636.3636363636,
						1,
						0
					],
					[
						16772.7272727273,
						2,
						0
					],
					[
						17181.8181818182,
						0,
						0
					],
					[
						17318.1818181818,
						1,
						0
					],
					[
						16909.0909090909,
						0,
						0
					],
					[
						17045.4545454545,
						1,
						0
					]
				],
				"lengthInSteps": 16,
				"typeOfSection": 0,
				"mustHitSection": false
			},
			{
				"sectionNotes": [],
				"lengthInSteps": 16,
				"typeOfSection": 0,
				"mustHitSection": false
			},
			{
				"sectionNotes": [],
				"lengthInSteps": 16,
				"typeOfSection": 0,
				"mustHitSection": true
			},
			{
				"sectionNotes": [],
				"lengthInSteps": 16,
				"typeOfSection": 0,
				"mustHitSection": false
			},
			{
				"sectionNotes": [],
				"lengthInSteps": 16,
				"typeOfSection": 0,
				"mustHitSection": true
			},
			{
				"sectionNotes": [],
				"lengthInSteps": 16,
				"typeOfSection": 0,
				"mustHitSection": false
			},
			{
				"sectionNotes": [],
				"lengthInSteps": 16,
				"typeOfSection": 0,
				"mustHitSection": false
			},
			{
				"sectionNotes": [],
				"lengthInSteps": 16,
				"typeOfSection": 0,
				"mustHitSection": false
			},
			{
				"sectionNotes": [],
				"lengthInSteps": 16,
				"typeOfSection": 0,
				"mustHitSection": true
			},
			{
				"sectionNotes": [],
				"lengthInSteps": 16,
				"typeOfSection": 0,